-2.594956;-17.919495;-5.408312;1.932423;-8.556198;1.658920;13.440180;-2.627840;8.772354;-0.782351;-4.853917;10.403168;-7.111838;
-2.728168;-16.034765;-5.271943;4.363557;-8.334871;-3.095017;4.514509;-5.263806;0.848635;4.739188;3.883595;4.943200;2.054049;
-2.611005;-11.948057;-1.147380;-0.497156;-8.592522;5.029793;4.076842;-9.975589;4.081964;-5.671904;-13.629742;5.944953;-5.627376;
-2.504556;-13.306051;-5.608003;7.168185;0.125078;7.549935;0.925828;-8.333462;1.466729;-9.199854;-8.615479;-0.219344;-4.750009;
-2.477708;-11.331114;-8.753109;4.671603;7.194222;6.830367;8.487020;-1.909444;11.367502;-3.925331;-13.327347;-0.177073;0.256042;
-2.080490;-7.587078;-5.239923;3.538255;8.564843;0.665616;9.711312;6.789130;10.648603;-3.384768;-6.971767;1.556939;-5.072737;
-2.191360;-8.450377;-6.285444;6.273145;9.894148;1.552512;5.740653;8.447640;19.442968;14.273901;0.632666;-1.560311;-7.741989;
-2.459444;-10.482103;-10.956902;7.994618;13.349300;3.990158;7.131262;-6.676983;17.077757;-0.344957;-9.055636;8.451198;0.487187;
-2.713858;-10.935371;-8.609568;-5.329275;5.206862;3.635557;11.873008;-10.017041;-2.040329;-1.162080;-3.394830;8.957788;5.563611;
-2.674564;-7.865212;-6.629484;2.177957;8.692433;-6.569387;10.624645;-2.421923;-1.521708;0.966622;-11.005910;-3.029132;2.691762;
-2.641629;-7.748117;-5.772282;0.976510;5.106031;-12.040962;13.851942;-5.815415;-4.336897;2.769161;-7.924606;-4.950438;-11.146046;
-3.346800;-11.154306;-12.565032;-7.175220;4.113351;-1.366722;12.949602;-4.324647;-0.265533;10.432860;4.451334;-3.378700;-0.080365;
-3.030326;-7.429288;-9.797343;-8.655142;8.785694;-2.178214;0.823269;-4.774674;11.334846;3.984108;-6.913865;5.075894;14.898042;
-2.824991;-6.383377;-4.473249;-2.106084;11.071343;-0.165672;4.118008;-3.042205;-2.568006;6.543971;-3.322079;2.350301;6.825797;
-2.781812;-6.995842;-7.275928;-5.795155;14.509965;-6.223145;-0.465998;1.810424;-1.045241;-4.578056;-15.852173;-9.554790;4.245013;
-2.823559;-8.736757;-5.646484;-0.330282;12.285643;-0.804929;11.593744;-0.781768;8.801013;-1.756241;-14.992013;-7.652840;6.269917;
-2.949936;-6.001873;-4.337839;-1.786060;10.068252;3.053600;7.006159;-6.633336;6.150999;6.914493;-15.478463;-6.362264;2.192517;
-3.143840;-10.163254;-9.981593;-1.129725;10.452231;-3.276679;7.030038;-7.543972;1.373214;2.362579;-19.650461;-10.837444;3.769569;
-2.870173;-8.576408;-6.707541;-2.752748;8.057677;0.649435;11.553460;-8.705173;2.864892;3.043915;-8.863696;-5.151630;-0.828829;
-2.877298;-6.348334;-4.322551;-0.073174;14.934608;2.371575;9.012330;-3.221489;15.242746;8.706802;-7.869288;-10.038758;-1.968107;
-2.791200;-7.010742;-5.333673;0.784925;7.453722;-8.517815;3.123841;1.145007;0.688262;11.899969;-0.227916;3.250127;2.224463;
-2.814261;-7.214173;-5.087407;-4.374765;13.023708;-4.441084;3.884287;-1.230814;0.563081;2.574009;-1.564293;-5.640702;0.904905;
-2.516271;-5.825336;-3.891062;-4.301997;13.400521;-3.390924;3.099498;-8.427533;-3.536032;-2.282868;-11.939359;-8.772864;-3.366482;
-2.444371;-5.235608;-2.977753;-6.899072;14.430962;6.785173;15.216134;6.226934;3.422523;8.398856;-9.634208;-4.604471;6.546534;
-2.270785;-5.405740;-4.111271;-7.490136;14.509022;9.180149;11.968896;5.126646;7.596468;5.514382;0.231699;-0.015308;-2.582603;
-2.616447;-5.384592;-1.297463;-3.003051;14.400967;-0.171977;1.222306;-0.947797;7.290439;9.754865;4.218417;-0.749277;1.413131;
-3.054667;-7.078400;-4.172117;-5.315763;10.704702;-6.443561;2.169780;-7.019485;-4.414637;-0.158714;-12.506344;-2.966516;-6.333863;
-2.954876;-4.990553;-3.595211;-12.084320;11.396713;5.908015;8.635426;5.984587;6.859976;9.993438;-1.512584;1.962111;-1.982213;
-2.881079;-3.409154;-2.556137;-14.178267;10.756576;-0.012676;14.053153;-0.880543;5.981560;5.978835;-4.668833;7.048172;0.849581;
-3.060880;-5.343184;-4.671082;-10.655874;10.359453;-3.217917;13.964264;-7.974546;-3.422507;7.527966;-3.903317;-4.870707;-0.033992;
-2.822772;-7.970491;-4.150763;-9.973637;10.156992;-2.592171;5.962671;5.501596;17.052614;12.869606;-5.347598;0.915892;4.652953;
-2.810625;-6.117310;-4.448755;-10.947574;13.292095;3.813487;18.561975;8.239387;2.206097;-1.822905;-8.240109;-2.161684;5.594797;
-3.050151;-6.651353;-4.602658;-16.608702;8.848136;-1.938015;4.796058;0.868703;5.740691;7.002892;-7.912538;-9.494120;0.020367;
-2.839581;-7.952495;-5.716554;-10.860332;11.900733;3.660899;8.723474;9.677691;11.196739;0.164081;-4.452610;5.235196;7.799129;
-2.571173;-5.448345;-2.531824;-4.641273;15.079152;0.641989;-3.679676;-5.696368;4.254956;6.439377;5.148859;4.012140;9.487206;
-2.734420;-5.003919;-3.447452;-5.637561;21.601490;8.091743;5.297595;1.502578;0.524061;-10.355106;-9.670961;-2.794714;-2.734328;
-2.779192;-9.396708;-4.019169;-12.058428;9.969980;-2.558679;9.594196;1.798024;3.761511;6.187052;-18.107481;-7.654041;-2.972477;
-3.004056;-7.251577;-1.096454;-6.948527;18.957418;3.543260;7.687926;-0.626616;-3.979369;0.623759;-1.342394;4.756184;0.951192;
-2.745287;-5.235267;-1.302406;-4.311218;9.803806;-4.750748;4.717034;-5.150360;-4.679741;6.218851;-0.529415;-11.039181;-14.794895;
-2.986609;-3.357195;-2.912565;-7.363315;13.861840;-3.956495;16.321609;-0.177007;-11.186890;1.495597;-11.797759;-5.001636;3.472219;
-3.187286;-4.958113;-2.808967;-8.173320;16.434021;-0.114176;1.552510;-6.332631;-10.637722;-1.518257;-4.970462;8.967183;2.960238;
-3.158229;-6.613259;-3.124268;-6.638805;11.425445;-7.958576;8.065973;3.318841;7.451378;5.689347;-8.649843;5.753139;-3.584207;
-3.445748;-6.398315;-4.467321;-11.228134;5.748708;-1.705527;5.776684;-9.023271;-1.577322;-2.280927;-10.476256;-4.470444;-0.667683;
-3.359828;-7.976290;-1.191199;-8.832723;3.949334;2.794940;5.377116;-2.639589;1.824512;-3.066692;-8.138972;-6.799831;8.485929;
-3.053522;-6.255291;1.952923;-6.815276;8.416590;1.534399;-2.173975;-4.788905;6.532991;5.302837;1.801027;-4.248162;4.534568;
-3.030531;-8.413239;-6.439862;-7.396138;9.341416;6.550683;6.952105;4.208688;4.453253;0.271843;3.930583;-11.728930;-3.562227;
-3.064537;-10.585148;-2.631175;-5.465115;7.375705;11.144957;5.679899;-4.886707;-8.404675;4.430717;7.599995;2.012875;3.265705;
-3.187341;-9.971846;1.218137;-12.043623;5.961443;10.793890;3.734842;4.833564;-7.835351;1.275385;-3.582692;-7.519979;10.842695;
-2.894713;-10.257290;-2.730515;-8.421424;4.902811;2.643531;6.090181;9.702254;7.764818;17.279854;-3.495809;-7.021406;7.883076;
-2.117065;-8.825861;0.821436;-10.518910;5.324476;8.663368;9.127178;8.971460;8.356105;10.644430;4.573349;0.916213;0.955092;
0.350584;-2.272563;12.396751;4.452542;12.133009;11.520681;2.455434;-2.395393;5.062173;13.864322;0.530148;2.971984;-0.770770;
1.398615;2.459805;16.138346;8.098962;23.816267;9.125908;1.733319;6.726549;-0.297127;4.161500;-6.281554;-4.545268;-0.625454;
1.856148;6.724880;18.919094;9.755828;16.338173;2.645342;3.997088;4.207607;5.627527;-0.310286;-3.804657;-5.355827;-6.819454;
2.382675;2.429465;2.046143;14.720471;19.639812;1.739760;7.567800;3.792875;4.966142;-2.420247;-0.364029;-3.504688;-1.484675;
2.815739;-0.312234;-3.485293;9.273978;12.954932;-13.457102;6.461409;-0.487207;5.372499;-7.733597;8.331708;3.032151;-3.430660;
3.549864;12.934690;8.567186;0.503228;-7.904945;-20.331337;-5.034064;0.823811;5.495387;-7.041191;7.250468;7.675571;-5.212421;
4.128462;16.937750;10.393011;2.820570;-16.346718;-28.777674;-2.793812;4.925854;5.177924;-3.811440;3.326174;3.128974;-4.952720;
4.288675;15.429935;8.926445;12.823472;-19.834532;-33.339859;0.334473;1.186934;11.288727;-6.625055;6.233299;-0.726066;-0.102611;
4.278814;11.760742;0.451251;24.099300;-23.843857;-31.629286;6.443559;1.268467;14.393183;-10.465034;17.619469;-0.567351;-8.102889;
4.402794;12.599932;5.889642;20.020210;-30.695358;-26.188850;3.073359;4.490634;23.169813;-5.314062;13.809128;-0.822145;-5.002953;
4.615755;9.707787;5.407598;29.483776;-41.897579;-12.598526;-1.851906;-4.445389;27.145565;-9.286989;27.197742;-18.317003;-16.708294;
4.906050;10.435259;6.202804;34.306824;-40.352272;-7.788003;-7.753222;-6.881137;20.376556;-15.290312;32.143436;-24.088654;-15.455160;
5.251848;11.504316;6.955738;33.656338;-38.547920;-8.397668;-12.354735;-3.538705;14.493414;-22.447275;28.959034;-16.831091;-16.833893;
5.412344;10.991838;3.028198;35.528450;-33.968254;-7.255016;-15.090235;2.429391;11.297774;-26.161394;28.806479;-26.276724;-11.750330;
5.533546;12.300545;-0.113340;27.733948;-26.412392;-0.874989;-24.561321;9.150851;16.821627;-37.799919;28.762863;-29.786213;-12.450823;
5.538628;13.342346;0.390582;24.936146;-23.756439;4.425180;-26.491682;-5.215015;19.803087;-30.002245;21.479441;-32.369171;-3.460962;
5.569185;14.308029;4.136913;16.902016;-23.841892;1.433625;-25.009632;-4.678852;4.181990;-12.194136;14.641297;-25.538368;-9.304248;
5.407543;11.496832;6.629515;12.315856;-17.092260;4.026683;-30.641527;2.508176;-17.829859;3.744169;9.681019;-17.630678;-6.910130;
5.081005;6.949295;4.960533;9.327352;-8.944609;13.241697;-29.880861;7.676283;-21.745424;8.366463;7.352946;-14.778217;1.081118;
4.915291;1.213775;7.735644;12.795560;-8.135046;13.352570;-20.512388;18.234453;-8.149658;11.315337;-14.650505;-14.700664;6.562854;
4.757822;-1.035105;5.677951;14.281642;2.541120;15.705067;-21.602278;11.195119;-2.928224;12.363983;-22.600544;-7.230106;6.503160;
4.621128;-8.976572;6.447797;15.509301;10.781505;14.453445;-18.491507;29.119898;2.674000;8.930919;-14.756608;-4.534682;-4.577821;
4.139704;-11.977673;-0.657086;16.366093;14.468716;14.767929;-12.533295;23.182846;9.983686;15.237495;-20.052361;0.826651;-3.828257;
3.924942;-15.778318;-0.203564;15.987075;17.143894;20.981068;-18.367067;23.559374;3.147925;16.442226;-25.824759;-7.834778;-1.121964;
3.960627;-12.795259;3.096936;12.189101;14.847884;15.992617;-24.787239;17.500816;-5.866272;20.379290;-22.584743;8.512315;3.677547;
4.152725;-5.840445;3.366242;7.296691;9.023022;10.087757;-25.344759;8.408829;-6.834989;16.951752;-17.963812;18.379929;7.193007;
4.332041;-0.859116;6.639381;-2.510955;-0.327615;10.887691;-33.892605;5.308800;-28.036039;6.317384;-10.117141;17.728271;13.592723;
4.572235;1.987748;6.146358;-2.423211;-11.677029;-5.237741;-30.927927;7.325110;-29.169744;8.347016;-17.819656;18.007622;16.679865;
4.697659;4.196934;7.220637;-1.576712;-14.239025;-11.693443;-19.736389;10.194701;-30.076754;8.352848;-12.729589;17.381720;13.663196;
4.622303;4.811705;5.167758;0.449077;-15.789265;-9.296841;-29.910963;14.477726;-24.669367;10.766048;-14.962641;18.541553;10.553823;
4.438869;6.017748;7.426758;4.377076;-18.102642;-11.346462;-32.994267;17.891129;-21.058884;12.054246;-13.370544;18.202183;-0.110788;
4.451351;5.078292;6.672443;9.758512;-19.853182;-22.325043;-29.908163;17.774326;-18.577421;14.635106;5.415873;11.231299;-11.474131;
4.417463;6.629485;7.722857;8.940787;-23.359146;-20.122959;-37.448536;22.783646;-14.978394;5.567685;2.814370;9.285878;-8.276222;
4.526855;5.388556;10.032995;10.631885;-28.645893;-21.596312;-30.625792;20.991919;-18.150902;-1.182694;11.397391;12.325458;-5.443212;
4.436413;8.925277;8.428970;11.461030;-31.241081;-13.845377;-30.575933;14.093995;-6.562652;-2.230037;2.015364;4.625998;7.121015;
4.362446;7.336868;7.032773;6.127835;-38.845665;-9.407058;-32.424629;12.993947;-10.131830;3.504783;13.044477;-2.373308;-1.611463;
4.383049;7.124804;1.315084;1.990228;-43.717430;-9.331473;-29.458036;6.678046;-7.444531;1.539296;15.111462;0.946545;7.978675;
4.186728;10.351982;3.562822;1.390680;-42.166439;-2.126882;-19.383915;14.966051;-12.764524;-0.657623;5.737246;-1.226679;6.499152;
3.991079;8.886877;4.947577;7.206283;-32.141754;0.626674;-14.191767;32.973118;-9.521559;-16.960207;0.249070;-9.941343;-2.513664;
3.934269;8.087820;6.755566;8.902673;-35.381851;0.097663;-18.052671;21.825884;-12.341471;-21.997721;-2.291270;-16.739466;-2.850833;
3.663948;5.538013;3.393345;4.169909;-35.208218;-2.320101;-21.926359;14.315357;-21.481743;-29.398230;-2.365133;-17.124866;-11.133458;
3.548185;6.290226;1.988544;10.869945;-31.706715;3.633640;-7.898936;23.972137;-14.289078;-19.127504;17.229208;-18.556036;-7.487679;
3.523422;7.291195;3.105364;10.802100;-32.213711;10.924042;-6.539495;6.627898;-18.734457;-17.418703;9.960137;0.958419;4.782476;
3.690702;7.938537;-2.834924;8.421962;-35.396515;13.672615;2.869854;-5.064779;-14.423019;10.731052;14.580913;12.530115;-3.524649;
3.687092;5.895672;-6.328115;10.983500;-33.094357;5.905816;-3.661975;-6.459712;-24.800322;14.066562;13.364682;2.551442;-8.912513;
3.834229;4.918850;-12.829476;14.759358;-34.128750;9.610506;-4.401638;-6.105265;-18.202335;1.568648;20.245579;-5.141854;-8.323408;
3.757996;5.035873;-15.865324;15.647975;-26.720482;10.055599;-8.757190;-12.472538;-16.534004;8.894071;18.266985;-10.184484;-14.886622;
4.146038;6.033845;-18.195507;11.881011;-32.850128;14.414183;-10.160017;-12.929235;-8.423952;6.014917;20.733475;-11.375116;-22.578760;
4.237167;7.206733;-18.409384;13.365554;-31.966675;6.137558;-17.318251;-14.712570;-7.934206;6.856304;30.202156;-16.775646;-28.358978;
4.365376;8.580877;-17.670485;12.157062;-31.480160;3.533370;-17.674513;-6.443121;-5.194399;11.075737;24.545496;-6.594459;-29.595158;
4.517714;11.436741;-12.322351;10.478215;-30.457809;6.406884;-27.195126;-10.123182;-5.029994;-6.514790;34.152058;-2.399856;-24.043692;
4.654308;13.095081;-10.864490;15.570193;-34.151920;7.551306;-21.964163;-22.346308;-8.057377;-3.548476;28.616663;3.797235;-17.026520;
4.677044;13.039165;-10.328498;15.195510;-29.941353;9.307091;-23.501961;-21.573818;-7.748548;-7.295498;23.565340;5.704078;-14.583361;
4.749235;15.323053;-8.770744;12.457267;-18.771448;3.598166;-23.983994;-12.877859;-12.275290;-11.063440;15.848976;9.907344;-11.029750;
4.722290;14.434851;-6.911200;18.556839;-20.384109;-0.685163;-18.479197;-15.903656;-1.099582;-19.114332;10.911511;6.903155;-4.908173;
4.791885;15.862520;-3.933641;15.367482;-19.161644;-1.812353;-10.781606;-15.107969;-4.663997;-14.510021;5.303313;4.134601;-1.919833;
4.810987;18.219414;-2.862948;12.281615;-20.006924;0.395623;-4.824780;-5.611642;-6.669245;-25.990969;7.842735;4.640158;-3.360794;
4.422108;18.300209;-0.450520;6.680490;-18.747042;3.553326;2.319487;-7.024340;-2.428628;-29.668806;9.217235;3.423436;-6.053020;
4.214832;17.865252;0.630872;5.682555;-17.544926;-1.617136;-6.343840;5.680386;9.766191;-28.203016;14.221123;4.183129;-7.115194;
4.048218;16.419704;3.842949;9.556529;-20.450928;-10.023075;-1.121777;3.932995;14.978468;-14.907995;14.127608;7.565957;5.081367;
4.094797;15.720020;4.252152;10.004699;-18.729542;0.173109;-3.640246;-2.221299;7.952756;-18.235378;20.470121;16.560108;4.480019;
3.948515;16.624819;2.255799;9.527713;-12.919085;6.353233;1.306786;-10.667846;0.893427;-18.036781;12.422834;16.878765;-2.771486;
3.903339;16.189993;2.989760;8.250264;-12.093035;7.963673;5.632431;-3.796665;-2.034399;-20.963654;8.775779;7.884970;7.084880;
3.913813;16.358101;7.345760;5.121552;-16.026377;-0.344404;3.675045;-10.719437;3.673100;-11.429079;7.967754;13.896148;11.117844;
3.869947;18.503668;7.998049;6.556678;-13.639210;0.118192;-4.253760;-17.144279;-1.380953;-11.566307;17.442801;10.179198;7.105001;
3.849644;17.955402;9.432376;8.976052;-15.132553;-4.271171;-4.987506;-12.184458;1.716055;-4.857420;9.155826;4.082227;14.454395;
3.544287;19.373112;7.102788;2.892798;-11.958042;-7.835681;-0.036061;1.746542;4.817528;-13.087833;9.059217;9.777210;13.633047;
3.120300;17.594471;4.481048;1.761976;-8.333281;4.473507;0.291416;-1.261441;-1.405540;-18.449284;15.801903;11.256268;4.442373;
2.892941;17.048172;7.217284;0.255879;-8.306604;3.105339;6.985143;-2.779716;-3.042716;-19.156601;0.552780;9.170902;7.486612;
2.406157;16.632526;6.394937;1.244608;-4.597857;4.949006;1.936381;-7.277249;-5.236546;-21.581350;-0.203161;2.361465;9.521338;
2.027111;11.935303;10.853428;2.377552;-7.589413;0.944417;-1.192141;-12.345979;-6.858316;-10.619883;4.101175;4.337112;10.701220;
1.930321;12.111147;13.296890;-3.155557;-1.114241;-0.910956;1.155251;-6.028729;-2.934606;-6.647446;-1.851397;17.650146;6.254912;
1.965212;12.239319;11.269777;0.916291;4.108597;1.721723;3.847996;-7.741469;-13.163641;-6.558636;4.985610;16.527395;5.565505;
1.675573;9.414452;10.291917;1.779810;5.802069;4.898025;-0.062058;-12.926232;-9.259041;-5.787546;3.123448;23.272076;-1.019908;
1.549637;8.137699;8.456483;3.114453;5.270497;-1.322774;4.817976;-2.382932;-3.201787;-0.702487;-5.394583;8.415383;-4.281803;
1.491474;8.222652;12.608968;3.585813;1.298243;0.635691;13.736772;5.443877;4.493366;-11.143351;-6.681186;1.998481;-3.352898;
1.522366;8.119425;13.884314;-0.116063;7.716085;4.071367;5.233684;5.336716;-3.459377;-7.690592;2.529404;3.161326;2.153704;
1.542406;8.745412;12.196301;-1.278843;13.402638;4.026204;2.350564;-0.922565;-2.026839;-1.399667;5.781606;1.871085;-1.370370;
1.273050;8.678025;11.886854;2.085386;9.473512;4.636377;-1.818148;-4.170402;-3.806036;0.036060;2.901327;7.843039;6.852281;
1.030840;7.877432;14.038470;1.715979;3.851950;-7.364937;-4.139059;-2.208288;-0.309412;6.806514;2.812327;6.375866;5.452488;
0.490448;6.229568;8.602215;-4.739997;0.835047;-5.585512;2.261557;1.945660;-1.007762;3.589570;4.496428;6.502306;7.204684;
0.207617;6.427590;5.514754;-1.430392;4.195698;-3.834803;0.908093;-1.997152;8.123375;10.871992;4.788112;10.508822;4.841864;
0.167231;4.527126;5.763599;0.002055;8.118477;4.029699;5.039745;2.247606;1.501093;12.166492;8.458635;0.393638;0.437632;
-0.005646;0.536756;9.429607;2.006581;12.701696;9.934044;14.131013;10.478565;2.160135;4.065898;-5.276062;-4.326523;-1.064891;
-0.124285;2.153678;12.552894;0.104738;13.512600;4.982564;1.851265;2.793061;0.026869;7.726418;-0.752868;-1.041516;2.660865;
-0.183889;3.340714;7.647790;-0.692983;9.418543;-0.203848;6.305893;0.391101;10.824749;10.886505;3.800084;-2.850335;10.760100;
-0.436335;2.812676;8.679853;0.152949;11.216267;5.327169;2.879247;-3.352652;0.914201;2.549645;6.302023;6.786637;2.990902;
-0.910069;1.991118;9.712286;-1.860047;9.251249;-8.610053;-1.643376;0.763657;8.105833;12.285682;9.352244;5.053069;1.994021;
-0.984905;0.800405;7.886416;-8.778544;9.675695;-2.165980;10.168085;-1.995754;-2.403648;-1.560693;-9.856468;5.298599;5.128238;
-1.190191;-1.285104;3.929530;-4.689181;14.324018;0.573313;2.566778;-0.554866;7.560170;9.075909;5.643538;9.028807;9.895003;
-1.219903;-2.038052;3.811013;-3.005505;12.260900;1.081582;13.516485;1.034806;-2.340391;0.310220;-1.471115;7.589266;13.755022;
-1.649122;-3.566655;1.051212;-8.645282;16.383217;5.162820;18.548227;5.844628;1.890603;7.617077;-4.145338;-1.619844;8.752120;
-1.855454;-2.721153;6.570782;-2.665481;15.134607;2.170954;4.975675;-12.202820;-1.669653;5.882023;-1.401317;2.337592;2.022993;
-2.067267;-2.088250;4.452580;-4.516841;4.188385;-11.437984;2.144182;-4.032957;-9.372314;-5.320810;-6.777519;4.818525;1.255511;
-2.328421;-2.983039;-0.319221;-10.207590;4.029502;-7.817278;-2.294945;-7.206353;-7.106042;-1.565664;-6.163692;-0.911969;8.855185;
-2.349812;-2.498376;1.722564;-7.547706;12.780204;-0.880337;6.492001;-2.335249;-2.960175;9.384731;4.463071;1.559236;-2.589854;
-2.249930;-4.211025;3.454111;-7.668174;7.500859;-2.022023;5.038136;-2.143724;-13.687351;1.216496;-1.574335;0.874173;-3.770485;
-2.450549;-5.787330;-1.093173;-6.306134;11.621043;3.140828;6.552532;-2.329144;-1.326618;0.732174;-0.365868;0.308074;-3.434146;
-2.702143;-4.509198;0.642104;-5.715786;11.492610;1.357849;8.267158;0.012804;2.037055;4.908935;1.428434;5.207290;-1.059211;
-2.214544;-5.245898;-2.068179;-1.382435;11.457275;3.862907;11.333929;1.618400;10.992096;2.944917;-6.005341;-5.345585;-5.228407;
-2.079004;-4.491828;-3.608539;-4.063847;15.183985;2.589987;14.070979;-0.023945;-1.108664;-0.257429;-5.445572;-2.044085;-1.145480;
-2.217402;-3.903730;-0.795681;-4.425574;13.062002;3.721237;17.424866;2.804793;1.035890;-4.683459;-15.224195;-4.260656;2.542041;
-2.270255;-2.732496;-2.221235;-8.335661;7.998193;2.640580;18.214275;-1.182629;0.581425;-2.655686;-10.937327;2.388395;1.234194;
-2.557694;-3.099166;-4.103777;-10.108099;7.642774;-3.383715;5.170059;-10.570471;-3.077295;-5.243505;-14.627255;1.434244;12.088406;
-2.903215;-4.698932;-5.662412;-10.832474;4.671412;5.455751;11.228020;-5.905362;-1.783229;-5.985868;-10.258171;-5.313796;4.282849;
-3.024874;-4.582194;-4.046173;-11.884570;1.248439;2.234469;3.099462;4.503943;9.153467;8.252577;-3.157169;-0.716032;11.781193;
-2.990760;-6.540461;-3.666272;-11.624081;7.203126;-3.097978;4.574193;3.833171;6.192435;4.239937;-5.256695;-6.777066;-6.773685;
-2.988378;-6.294086;-4.776931;-10.984776;8.341942;1.978279;4.665362;0.863208;0.522857;3.270786;-6.973935;-3.796764;-4.522381;
-3.085280;-4.146204;-0.717964;-5.796876;14.037207;-2.122562;5.957187;-1.796553;-0.818064;-6.419897;-5.083038;4.743724;-0.156503;
-2.960098;-7.260741;-0.661301;-5.819983;8.835079;-12.047647;2.536933;0.816764;-6.869269;-12.916939;-2.857085;-6.720959;-1.736959;
-3.341481;-5.485016;-6.461080;-9.304892;9.714475;-4.179693;10.241087;-2.646727;-1.397590;0.065633;-2.384098;1.156937;1.114821;
-3.117633;-7.727026;-5.833599;-12.767196;7.639692;-4.447680;10.113855;4.730999;-2.138073;-0.160698;6.746922;5.322967;3.287115;
-3.097466;-3.204963;-2.398408;-6.269775;7.604820;-1.336578;7.864112;-6.494018;5.593268;3.550215;-0.180021;-0.531222;0.544027;
-2.645450;-6.383501;-2.639567;-6.225214;8.164675;-6.776494;5.675076;-5.064637;-1.796845;-1.498326;-10.362398;2.096437;7.515177;
-2.591678;-4.042350;2.961388;-8.390412;10.764831;1.599673;10.601229;5.418215;9.228403;-2.956799;-15.873807;5.932960;-4.496396;
-2.807384;-8.051493;-1.853429;-14.793898;4.652644;0.730771;14.765094;7.931737;12.424915;3.246563;-13.013028;-3.414271;-1.374573;
-2.847348;-7.118507;-3.598425;-13.175995;13.615379;3.831258;5.634780;-1.715754;4.572649;5.277184;-2.862617;3.156417;1.407558;
-2.214064;-3.894033;0.328891;-11.302114;7.353386;3.546426;12.404439;9.682223;9.056289;2.742533;-2.994952;9.952425;8.346972;
-2.198182;-4.240359;-2.203238;-9.843486;15.774995;-0.446533;13.913607;6.700577;9.353085;4.075912;-12.232962;2.544647;-0.182712;
-2.754139;-5.935643;-0.788472;-9.942126;15.286482;-3.551702;3.415253;-5.437054;9.641520;10.486937;-9.539856;-8.744660;-2.917729;
-3.312113;-8.397451;-0.062785;-9.493063;17.115995;-2.597110;3.214026;0.014276;11.934090;8.487902;-3.159000;-1.667531;1.144774;
-3.033593;-9.728210;-4.186232;-8.888662;11.148754;-3.261670;1.617565;-2.770404;9.070786;10.487733;3.674722;2.276790;5.458384;
-2.834726;-5.994064;1.684754;-10.546634;14.143448;1.575104;5.502867;2.796494;11.736729;12.622906;-0.364689;6.310881;-7.357875;
-2.869550;-8.953568;-5.127519;-11.220595;18.273205;2.989562;12.052090;-1.141248;-4.468715;5.246105;1.797379;2.955296;3.191782;
-3.518992;-7.365749;-7.507148;-14.234993;12.497995;0.668596;7.278376;-1.878081;-5.452781;4.757265;-2.224471;-9.194937;-11.703374;
-3.757393;-8.520414;-7.124327;-15.333529;3.251295;-3.436684;6.244365;1.168733;-6.611842;7.019263;3.023819;3.033298;4.505361;
-3.297016;-6.085317;-3.875710;-16.379475;0.410133;-5.239397;13.899127;1.788823;4.117824;5.134643;-4.442962;7.242976;1.134026;
-3.022676;-5.312203;-3.105293;-6.794967;11.131156;3.167431;7.393020;-5.242496;6.027914;10.693761;2.158183;1.025272;11.318889;
-2.715091;-6.025235;-5.152335;-9.140336;18.101023;2.093745;5.941386;-9.097130;-9.088911;-1.381890;-6.929060;-5.667768;8.481694;
-2.895528;-6.197879;-4.153472;-5.830522;22.310843;4.013225;8.191884;-6.360523;-4.839531;-0.846651;-14.887268;-1.513022;4.893443;
-3.058347;-7.678131;-4.814907;-7.414217;14.901035;3.812881;5.183611;-3.788172;6.305717;4.593575;-8.180291;1.978645;-0.456707;
-2.582940;-3.825944;-0.490487;-7.921862;15.195539;3.055153;11.258856;-0.115726;3.216771;12.802648;-5.642269;2.623036;2.050056;
-2.642723;-6.275496;-2.257277;-9.121982;10.057406;3.966574;13.629830;2.829700;7.391587;10.450507;-0.332078;4.506911;2.163307;
-3.180005;-8.641327;-3.107129;-8.129617;15.867407;6.825405;12.975615;-7.688055;0.203944;2.124537;-6.238005;1.019496;5.320499;
-3.104315;-6.606403;-3.540125;-10.222853;16.819256;6.272270;11.051936;-2.334039;0.941341;1.827709;-10.544926;-11.154838;1.469024;
-3.122358;-6.499705;-6.396791;-8.631943;18.668377;4.548653;1.786110;-13.861100;-1.110151;5.394982;-5.056382;-8.640430;0.515865;
-3.382147;-6.117913;-2.025796;-15.050601;7.758503;-0.347433;-2.518276;-12.739025;-6.686287;-6.946516;-12.017519;-4.873204;1.197906;
-2.952053;-4.222406;-1.709413;-13.457828;9.816126;-8.016994;4.902981;1.258094;-1.777603;0.799815;-3.952363;2.179804;-1.745371;
-2.870746;-5.663300;1.458052;-10.727317;17.530457;4.764647;1.762591;-0.219166;-0.392943;6.221760;2.011527;6.376338;3.603233;
-2.424938;-3.841009;1.524210;-11.033672;10.552244;2.864682;4.956303;-1.513680;5.752079;12.550811;-0.572403;2.614937;-0.762712;
-2.574532;-5.987562;-1.118378;-9.890684;11.794801;4.844632;15.702406;-1.180028;12.448120;6.900863;-0.226624;5.879181;3.603636;
-2.648314;-6.409132;-6.554203;-13.764815;12.978436;2.462512;18.843950;6.698259;12.050126;7.758789;-8.421277;-5.982918;-10.878562;
-2.679615;-5.063573;-1.843334;-8.135969;9.897934;-1.632548;8.090563;-2.303368;9.455759;1.443474;-1.534332;2.280746;3.287132;
-2.921750;-5.876596;-1.991424;-4.721869;13.016647;0.227624;13.093945;-8.171292;-1.007631;8.800626;-3.088289;-2.020553;7.756217;
-3.140704;-9.309225;-8.363802;-11.482409;7.229347;-7.027145;7.333426;-2.062137;0.834769;-1.552957;-3.405502;-2.705004;2.726562;
-3.732512;-6.042003;-5.172711;-11.028273;4.741445;-9.997421;7.803725;-1.008237;9.316303;-0.923165;0.617102;-8.145368;-2.502911;
-3.375401;-8.524479;-7.010818;-10.594823;12.133484;3.460939;7.258489;-9.632523;-4.183815;4.415616;-15.617564;-9.650506;1.506066;
-3.236164;-6.665377;-2.073424;-8.806526;11.321888;2.286849;6.508665;-3.704766;7.117492;6.648389;-7.008404;-8.444882;2.228839;
